age,job,marital,education,default,balance,housing,loan,contact,day,month,duration,campaign,pdays,previous,poutcome,y
30,unemployed,married,primary,no,1787,no,no,cellular,19,oct,79,1,-1,0,unknown,no
43,services,married,primary,no,-88,yes,yes,cellular,17,apr,313,1,147,2,failure,no
25,blue-collar,single,primary,no,-221,yes,no,unknown,23,may,250,1,-1,0,unknown,no
55,blue-collar,married,primary,no,627,yes,no,unknown,5,may,247,1,-1,0,unknown,no
78,retired,divorced,primary,no,229,no,no,telephone,22,oct,97,1,-1,0,unknown,yes
55,blue-collar,married,primary,no,145,no,no,telephone,2,feb,59,3,5,2,other,no
26,blue-collar,married,primary,no,0,yes,no,unknown,21,may,425,1,-1,0,unknown,no
32,entrepreneur,single,primary,yes,-849,yes,yes,cellular,4,feb,204,1,-1,0,unknown,no
45,blue-collar,divorced,primary,no,844,no,no,unknown,5,jun,1018,3,-1,0,unknown,yes
41,blue-collar,married,primary,no,-516,no,yes,telephone,8,jul,554,3,-1,0,unknown,no
50,blue-collar,divorced,primary,no,388,no,no,cellular,5,feb,701,1,-1,0,unknown,no
60,retired,married,primary,no,5,no,no,cellular,26,aug,63,2,-1,0,unknown,no
51,blue-collar,married,primary,no,1466,yes,no,unknown,7,may,406,2,-1,0,unknown,no
35,blue-collar,single,primary,no,293,yes,no,unknown,30,may,521,2,-1,0,unknown,no
39,blue-collar,married,primary,no,111,no,no,cellular,18,nov,201,2,-1,0,unknown,no
34,blue-collar,married,primary,no,455,yes,no,unknown,20,jun,372,3,-1,0,unknown,no
31,unemployed,single,primary,no,406,no,no,cellular,4,feb,736,1,-1,0,unknown,yes
57,services,single,primary,no,3777,yes,no,telephone,13,may,65,2,-1,0,unknown,no
56,unemployed,married,primary,no,3391,no,no,cellular,21,apr,243,1,-1,0,unknown,yes
27,housemaid,married,primary,no,0,yes,no,cellular,23,jul,435,3,-1,0,unknown,no
39,blue-collar,married,primary,no,52,no,no,cellular,13,aug,69,1,-1,0,unknown,no
45,blue-collar,married,primary,no,419,no,no,cellular,18,aug,113,4,-1,0,unknown,no
41,blue-collar,married,primary,no,168,yes,no,cellular,18,nov,187,3,-1,0,unknown,no
37,blue-collar,married,primary,no,0,yes,no,unknown,26,may,24,1,-1,0,unknown,no
56,retired,married,primary,no,1906,no,yes,unknown,19,jun,45,9,-1,0,unknown,no
45,unemployed,divorced,primary,yes,-249,yes,yes,unknown,1,jul,92,1,-1,0,unknown,no
49,blue-collar,married,primary,no,0,yes,yes,telephone,23,jul,97,6,-1,0,unknown,no
49,blue-collar,married,primary,no,305,yes,yes,telephone,10,jul,834,10,-1,0,unknown,no
49,blue-collar,married,primary,no,365,no,no,unknown,26,may,59,2,-1,0,unknown,no
41,self-employed,married,primary,no,204,no,no,cellular,13,aug,111,7,-1,0,unknown,no
54,management,married,primary,no,1691,yes,no,cellular,20,nov,186,1,-1,0,unknown,no
36,blue-collar,married,primary,no,123,yes,no,cellular,18,may,9,1,-1,0,unknown,no
57,housemaid,married,primary,no,7082,no,no,unknown,6,jun,69,3,-1,0,unknown,no
55,blue-collar,divorced,primary,no,410,no,yes,cellular,11,jul,221,2,-1,0,unknown,no
58,retired,married,primary,no,3401,yes,no,cellular,3,feb,84,3,265,2,failure,no
46,blue-collar,married,primary,no,222,no,no,cellular,8,aug,71,2,-1,0,unknown,no
50,blue-collar,married,primary,no,5776,no,no,cellular,18,nov,49,3,-1,0,unknown,no
51,blue-collar,divorced,primary,no,37,yes,no,cellular,13,may,341,1,-1,0,unknown,no
50,blue-collar,married,primary,no,4108,yes,no,cellular,7,aug,526,2,-1,0,unknown,yes
45,blue-collar,divorced,primary,no,-311,yes,no,unknown,23,may,1030,1,-1,0,unknown,yes
70,retired,divorced,primary,no,4531,no,no,cellular,18,may,445,1,-1,0,unknown,no
65,retired,divorced,primary,no,1840,no,no,cellular,1,jun,383,2,188,5,failure,no
38,unemployed,married,primary,no,1147,yes,yes,unknown,8,may,249,5,-1,0,unknown,no
43,blue-collar,single,primary,no,2,yes,no,cellular,30,jul,783,3,-1,0,unknown,no
30,blue-collar,married,primary,no,1317,yes,no,unknown,21,may,395,2,-1,0,unknown,no
50,admin.,married,primary,no,276,no,yes,unknown,17,jun,641,6,-1,0,unknown,no
47,blue-collar,married,primary,no,214,yes,yes,unknown,9,jun,168,1,-1,0,unknown,no
32,services,married,primary,no,228,yes,no,cellular,21,jul,1017,6,-1,0,unknown,yes
33,blue-collar,married,primary,no,-195,no,no,unknown,20,sep,9,1,-1,0,unknown,no
63,retired,married,primary,no,1084,no,no,cellular,14,oct,201,1,183,1,success,no
51,self-employed,divorced,primary,no,10924,no,no,cellular,6,may,106,2,-1,0,unknown,no
55,management,married,primary,no,2587,no,no,cellular,4,sep,328,2,94,2,success,yes
42,blue-collar,married,primary,no,0,yes,yes,cellular,7,may,209,2,-1,0,unknown,no
50,housemaid,married,primary,no,395,yes,no,unknown,15,may,419,2,-1,0,unknown,no
60,technician,single,primary,no,11262,no,no,cellular,26,aug,323,1,-1,0,unknown,yes
60,retired,married,primary,no,55,no,no,cellular,4,jun,207,1,-1,0,unknown,no
40,management,married,primary,no,733,yes,no,unknown,6,jun,94,7,-1,0,unknown,no
53,technician,divorced,primary,no,7290,yes,no,unknown,30,may,153,1,-1,0,unknown,no
39,blue-collar,married,primary,no,3705,yes,no,unknown,16,jun,77,1,-1,0,unknown,no
41,blue-collar,married,primary,no,8,yes,no,cellular,15,jul,155,2,-1,0,unknown,no
45,blue-collar,married,primary,no,61,no,no,cellular,17,apr,108,1,-1,0,unknown,no
28,blue-collar,single,primary,no,0,yes,yes,unknown,3,jun,380,4,-1,0,unknown,no
38,blue-collar,married,primary,no,168,yes,yes,telephone,13,may,212,3,-1,0,unknown,no
39,blue-collar,married,primary,no,7685,yes,no,cellular,14,apr,493,3,-1,0,unknown,no
48,retired,married,primary,yes,-285,no,yes,cellular,19,nov,157,1,-1,0,unknown,no
45,blue-collar,single,primary,no,999,no,no,cellular,29,jan,182,2,-1,0,unknown,no
29,blue-collar,single,primary,no,950,yes,no,unknown,4,jun,135,3,-1,0,unknown,no
36,blue-collar,married,primary,no,973,yes,yes,unknown,23,may,293,1,-1,0,unknown,no
53,management,married,primary,no,995,no,no,cellular,4,feb,200,3,-1,0,unknown,no
36,blue-collar,single,primary,no,1313,yes,no,unknown,20,jun,8,10,-1,0,unknown,no
57,blue-collar,married,primary,no,452,yes,no,unknown,13,may,139,4,-1,0,unknown,no
55,housemaid,married,primary,no,136,yes,no,unknown,19,jun,15,10,-1,0,unknown,no
52,blue-collar,married,primary,no,779,yes,no,unknown,16,may,30,3,-1,0,unknown,no
55,blue-collar,single,primary,no,1187,yes,no,unknown,2,jun,193,2,-1,0,unknown,no
19,student,single,primary,no,103,no,no,cellular,10,jul,104,2,-1,0,unknown,yes
52,self-employed,single,primary,no,217,no,yes,cellular,15,jul,193,6,-1,0,unknown,no
45,unemployed,divorced,primary,no,757,no,no,cellular,20,apr,103,1,325,4,failure,no
36,blue-collar,married,primary,no,1925,yes,no,cellular,20,apr,904,2,-1,0,unknown,yes
47,blue-collar,married,primary,no,233,no,no,cellular,8,aug,293,3,-1,0,unknown,no
57,retired,married,primary,no,5799,no,no,unknown,17,jun,97,1,-1,0,unknown,no
43,services,married,primary,no,2567,yes,no,cellular,14,may,109,1,360,2,failure,no
58,management,married,primary,no,76,yes,no,telephone,18,may,54,4,-1,0,unknown,no
52,blue-collar,married,primary,no,1054,no,no,cellular,4,aug,273,1,-1,0,unknown,no
35,blue-collar,married,primary,no,0,yes,no,cellular,24,jul,90,6,-1,0,unknown,no
54,blue-collar,married,primary,no,211,no,no,unknown,19,jun,200,2,-1,0,unknown,no
55,blue-collar,married,primary,no,2275,no,no,cellular,25,aug,139,9,-1,0,unknown,no
59,unemployed,married,primary,no,0,no,no,cellular,30,jan,3025,2,-1,0,unknown,no
47,housemaid,married,primary,no,201,yes,no,cellular,7,aug,58,2,382,1,failure,no
37,housemaid,married,primary,no,189,no,no,cellular,8,aug,148,4,-1,0,unknown,no
50,blue-collar,married,primary,no,12519,yes,no,cellular,17,apr,146,2,147,4,success,no
42,blue-collar,married,primary,no,0,yes,no,cellular,17,jul,71,1,-1,0,unknown,no
33,blue-collar,married,primary,no,3704,yes,no,unknown,6,jun,447,2,-1,0,unknown,no
41,blue-collar,divorced,primary,no,2195,yes,no,unknown,3,jun,211,5,-1,0,unknown,no
60,management,married,primary,no,252,yes,yes,cellular,13,apr,123,2,147,3,failure,no
59,retired,married,primary,no,0,yes,no,unknown,26,may,104,7,-1,0,unknown,no
58,retired,divorced,primary,no,2538,yes,no,cellular,31,jul,307,6,-1,0,unknown,no
64,retired,married,primary,no,43,no,no,cellular,11,mar,117,1,91,1,success,no
53,entrepreneur,married,primary,no,1034,yes,no,cellular,19,nov,854,2,170,3,other,no
55,management,married,primary,no,621,no,yes,cellular,2,feb,114,1,208,1,failure,no
44,housemaid,married,primary,no,3706,no,no,unknown,17,jun,209,3,-1,0,unknown,no
35,blue-collar,married,primary,no,-12,yes,no,unknown,12,may,212,5,-1,0,unknown,no
80,management,married,primary,no,6483,no,no,telephone,19,oct,123,1,-1,0,unknown,no
33,blue-collar,single,primary,no,599,yes,no,unknown,21,may,29,1,-1,0,unknown,no
55,retired,married,primary,no,8894,no,no,unknown,11,jun,262,1,-1,0,unknown,no
42,housemaid,married,primary,no,14752,no,no,unknown,19,may,107,2,-1,0,unknown,no
46,blue-collar,married,primary,no,67,no,no,unknown,24,jun,9,1,-1,0,unknown,no
48,blue-collar,married,primary,no,1092,no,yes,cellular,18,nov,79,1,172,8,failure,no
55,retired,married,primary,no,3334,no,no,cellular,14,aug,632,4,-1,0,unknown,yes
35,entrepreneur,married,primary,no,2643,no,yes,cellular,8,jul,259,1,-1,0,unknown,no
43,blue-collar,divorced,primary,no,49,yes,no,unknown,9,may,100,1,-1,0,unknown,no
57,admin.,divorced,primary,no,1,no,no,unknown,15,may,17,10,-1,0,unknown,no
31,blue-collar,married,primary,no,352,yes,no,unknown,19,may,97,9,-1,0,unknown,no
40,blue-collar,married,primary,no,1136,yes,no,unknown,21,may,86,1,-1,0,unknown,no
27,blue-collar,single,primary,no,1128,yes,no,unknown,30,jun,88,4,-1,0,unknown,no
57,management,married,primary,no,1052,yes,no,unknown,13,may,227,4,-1,0,unknown,no
55,admin.,married,primary,no,343,yes,no,cellular,14,jul,276,3,-1,0,unknown,no
24,blue-collar,single,primary,no,111,yes,yes,unknown,27,may,42,4,-1,0,unknown,no
33,blue-collar,married,primary,no,0,yes,no,unknown,15,may,270,1,-1,0,unknown,no
55,unknown,married,primary,no,159,no,no,unknown,4,sep,15,1,-1,0,unknown,no
59,blue-collar,married,primary,no,179,yes,no,unknown,5,may,55,3,-1,0,unknown,no
50,blue-collar,married,primary,no,3924,yes,no,cellular,20,apr,122,2,-1,0,unknown,no
37,blue-collar,divorced,primary,no,511,yes,no,telephone,11,may,42,1,-1,0,unknown,no
27,blue-collar,single,primary,no,1209,no,no,cellular,29,jan,283,1,-1,0,unknown,no
32,blue-collar,single,primary,no,882,no,yes,cellular,29,jul,80,8,-1,0,unknown,no
47,unemployed,married,primary,no,168,yes,no,telephone,30,jan,66,1,241,1,other,no
55,housemaid,married,primary,no,16,no,no,unknown,20,jun,64,1,-1,0,unknown,no
54,retired,married,primary,no,0,yes,no,cellular,11,jul,159,2,-1,0,unknown,no
55,housemaid,divorced,primary,no,976,no,no,cellular,28,jun,345,1,94,3,other,yes
58,blue-collar,married,primary,no,309,no,no,cellular,19,aug,156,2,-1,0,unknown,no
49,self-employed,married,primary,no,489,yes,no,unknown,27,may,84,4,-1,0,unknown,no
43,management,married,primary,no,8167,yes,no,unknown,19,may,114,2,-1,0,unknown,no
33,blue-collar,divorced,primary,no,636,yes,no,cellular,9,jul,211,11,-1,0,unknown,no
31,housemaid,single,primary,no,26965,no,no,cellular,21,apr,654,2,-1,0,unknown,yes
50,housemaid,divorced,primary,no,94,yes,no,cellular,22,jul,184,4,-1,0,unknown,no
45,entrepreneur,married,primary,no,58,yes,no,telephone,13,may,119,3,371,3,failure,no
48,management,married,primary,no,606,no,no,cellular,5,mar,77,6,-1,0,unknown,no
60,technician,married,primary,no,65,yes,no,unknown,9,may,1028,2,-1,0,unknown,yes
43,blue-collar,married,primary,no,757,yes,no,unknown,9,may,315,4,-1,0,unknown,no
40,blue-collar,married,primary,no,1206,no,yes,telephone,16,jul,201,5,-1,0,unknown,no
35,blue-collar,married,primary,no,793,yes,no,cellular,17,apr,106,1,-1,0,unknown,no
31,blue-collar,married,primary,no,99,yes,no,cellular,17,apr,193,2,322,1,other,no
59,retired,married,primary,no,1427,no,no,unknown,18,jun,140,2,-1,0,unknown,no
45,housemaid,married,primary,no,7353,no,no,cellular,13,aug,536,2,-1,0,unknown,no
33,blue-collar,married,primary,no,511,yes,no,unknown,21,may,304,2,-1,0,unknown,no
38,admin.,married,primary,no,3913,yes,no,cellular,20,apr,196,2,315,2,failure,no
42,blue-collar,married,primary,no,-119,yes,no,cellular,22,jul,167,3,-1,0,unknown,no
46,blue-collar,married,primary,no,2904,no,no,cellular,20,apr,277,2,-1,0,unknown,no
53,management,divorced,primary,no,255,no,no,cellular,19,nov,126,1,-1,0,unknown,no
55,blue-collar,married,primary,no,3873,no,no,telephone,21,apr,222,1,-1,0,unknown,no
58,self-employed,married,primary,no,1013,yes,no,cellular,11,aug,206,1,461,1,failure,yes
41,blue-collar,married,primary,no,2067,yes,no,cellular,15,may,493,7,-1,0,unknown,no
56,blue-collar,divorced,primary,no,3021,no,no,unknown,9,jun,419,2,-1,0,unknown,no
52,retired,divorced,primary,no,353,no,no,cellular,31,jul,395,4,-1,0,unknown,no
39,blue-collar,married,primary,no,879,yes,no,unknown,26,may,102,2,-1,0,unknown,no
59,housemaid,married,primary,no,0,no,no,cellular,27,aug,76,11,-1,0,unknown,no
42,entrepreneur,married,primary,no,198,yes,no,unknown,8,may,314,1,-1,0,unknown,no
49,retired,single,primary,no,25824,no,no,unknown,17,jun,94,1,-1,0,unknown,no
46,management,single,primary,no,538,no,no,unknown,17,jun,118,3,-1,0,unknown,no
35,retired,married,primary,no,285,yes,no,cellular,29,jan,136,1,-1,0,unknown,no
57,retired,married,primary,no,808,no,no,telephone,7,jul,274,1,-1,0,unknown,no
33,blue-collar,married,primary,no,1165,yes,no,unknown,21,may,420,2,-1,0,unknown,no
57,housemaid,married,primary,no,50,no,no,cellular,18,aug,89,3,-1,0,unknown,no
64,housemaid,married,primary,no,768,no,no,cellular,15,jul,250,2,182,1,success,no
52,services,married,primary,no,14,no,yes,cellular,28,jul,55,5,-1,0,unknown,no
31,blue-collar,single,primary,no,-502,yes,no,unknown,29,may,76,4,-1,0,unknown,no
50,blue-collar,married,primary,no,0,no,no,cellular,11,aug,72,5,-1,0,unknown,no
58,housemaid,married,primary,no,5278,yes,no,unknown,4,jun,763,4,-1,0,unknown,no
37,blue-collar,single,primary,no,851,yes,no,cellular,15,may,151,1,352,1,failure,no
50,blue-collar,divorced,primary,no,-10,no,yes,cellular,10,jul,369,6,-1,0,unknown,no
34,blue-collar,married,primary,no,176,no,no,cellular,24,jul,78,1,-1,0,unknown,no
52,entrepreneur,divorced,primary,no,278,yes,no,unknown,7,may,688,2,-1,0,unknown,no
57,housemaid,married,primary,no,501,yes,yes,cellular,7,aug,59,2,-1,0,unknown,no
59,self-employed,married,primary,no,0,yes,no,telephone,28,jul,97,2,-1,0,unknown,no
60,housemaid,married,primary,no,517,no,no,unknown,12,jun,1178,3,-1,0,unknown,no
38,blue-collar,married,primary,no,2569,no,no,unknown,9,jun,172,1,-1,0,unknown,no
72,blue-collar,married,primary,no,4415,no,no,telephone,13,oct,120,1,-1,0,unknown,no
48,retired,married,primary,no,5173,yes,no,unknown,18,jun,88,8,-1,0,unknown,no
36,entrepreneur,married,primary,no,177,yes,no,unknown,12,may,63,5,-1,0,unknown,no
44,blue-collar,married,primary,no,271,yes,yes,unknown,9,may,94,1,-1,0,unknown,no
47,blue-collar,married,primary,no,320,no,no,telephone,30,jul,203,2,-1,0,unknown,no
27,blue-collar,single,primary,no,-79,yes,no,unknown,30,may,385,5,-1,0,unknown,no
35,admin.,married,primary,no,189,yes,no,cellular,11,may,95,1,-1,0,unknown,no
31,blue-collar,married,primary,no,2,yes,yes,cellular,10,jul,112,1,-1,0,unknown,no
35,blue-collar,married,primary,no,298,yes,no,cellular,13,may,135,2,370,2,failure,no
69,retired,married,primary,no,579,no,no,cellular,14,aug,230,1,-1,0,unknown,no
60,blue-collar,married,primary,no,493,no,no,cellular,18,aug,671,4,-1,0,unknown,yes
32,unemployed,divorced,primary,no,0,no,no,cellular,15,jul,175,4,-1,0,unknown,no
51,blue-collar,married,primary,no,5050,no,yes,unknown,16,jun,75,7,-1,0,unknown,no
30,blue-collar,married,primary,no,1,yes,yes,telephone,22,jul,80,2,-1,0,unknown,no
43,blue-collar,married,primary,no,-98,yes,yes,cellular,12,may,112,2,330,3,other,no
54,unemployed,married,primary,no,541,yes,no,cellular,3,feb,237,3,-1,0,unknown,no
43,blue-collar,divorced,primary,no,-97,yes,yes,cellular,31,jul,747,4,-1,0,unknown,no
40,entrepreneur,married,primary,no,0,yes,no,cellular,11,jul,271,2,-1,0,unknown,no
30,blue-collar,married,primary,no,2581,no,no,unknown,12,may,221,2,-1,0,unknown,no
41,blue-collar,married,primary,no,849,yes,no,unknown,15,may,72,1,-1,0,unknown,no
48,admin.,married,primary,no,607,no,no,unknown,20,jun,29,2,-1,0,unknown,no
34,blue-collar,married,primary,no,79,yes,no,cellular,14,may,406,2,-1,0,unknown,no
44,blue-collar,married,primary,no,-14,yes,yes,unknown,19,may,179,4,-1,0,unknown,no
48,services,married,primary,yes,-583,yes,no,unknown,2,jun,25,7,-1,0,unknown,no
46,blue-collar,married,primary,no,91,yes,no,cellular,6,may,29,1,356,2,failure,no
33,blue-collar,divorced,primary,no,142,yes,no,telephone,11,may,41,2,300,5,failure,no
39,blue-collar,married,primary,no,1564,no,no,unknown,17,jun,57,1,-1,0,unknown,no
83,retired,married,primary,no,425,no,no,telephone,22,jun,883,1,140,1,failure,yes
55,services,divorced,primary,no,2923,yes,no,unknown,15,may,104,2,-1,0,unknown,no
58,blue-collar,married,primary,no,781,yes,no,cellular,15,may,74,2,-1,0,unknown,no
35,housemaid,married,primary,no,0,yes,no,cellular,14,jul,340,3,-1,0,unknown,no
34,blue-collar,married,primary,no,-319,yes,yes,cellular,9,jul,134,4,-1,0,unknown,no
56,blue-collar,married,primary,no,379,no,no,cellular,13,aug,58,5,-1,0,unknown,no
36,blue-collar,married,primary,no,0,yes,no,cellular,18,nov,618,2,-1,0,unknown,no
41,blue-collar,married,primary,no,951,yes,no,cellular,20,apr,23,4,-1,0,unknown,no
40,blue-collar,married,primary,no,-335,yes,no,unknown,27,may,260,1,-1,0,unknown,no
55,retired,married,primary,no,4424,no,no,cellular,5,aug,67,4,-1,0,unknown,no
37,blue-collar,married,primary,no,37,yes,no,cellular,13,may,24,2,362,1,other,no
42,blue-collar,married,primary,no,1520,yes,no,cellular,5,feb,115,1,-1,0,unknown,no
75,retired,divorced,primary,no,852,no,no,cellular,15,mar,341,1,-1,0,unknown,no
40,blue-collar,married,primary,yes,0,yes,no,unknown,6,may,64,2,-1,0,unknown,no
43,blue-collar,married,primary,no,7343,yes,no,unknown,2,jun,217,4,-1,0,unknown,no
35,unknown,married,primary,no,365,no,no,cellular,29,aug,41,2,-1,0,unknown,no
57,retired,married,primary,no,2927,no,yes,telephone,30,jul,78,5,-1,0,unknown,no
56,housemaid,divorced,primary,yes,1238,no,no,unknown,5,jun,1558,1,-1,0,unknown,yes
73,retired,married,primary,no,1388,no,no,cellular,20,jul,146,3,190,3,success,no
57,technician,divorced,primary,no,13,yes,no,cellular,8,may,323,2,368,2,failure,no
45,services,single,primary,no,1893,yes,no,unknown,3,jun,1259,6,-1,0,unknown,yes
55,blue-collar,married,primary,no,4103,no,no,cellular,19,nov,291,1,-1,0,unknown,no
31,blue-collar,married,primary,no,620,no,no,cellular,30,mar,95,1,-1,0,unknown,no
44,entrepreneur,married,primary,no,276,yes,yes,unknown,15,may,219,1,-1,0,unknown,no
33,entrepreneur,married,primary,no,82,yes,no,cellular,18,nov,63,2,-1,0,unknown,no
51,blue-collar,divorced,primary,no,837,no,no,telephone,30,jul,41,2,-1,0,unknown,no
46,housemaid,married,primary,no,19,yes,no,telephone,21,jul,171,1,-1,0,unknown,no
39,entrepreneur,married,primary,no,238,yes,yes,cellular,19,nov,134,1,-1,0,unknown,no
42,blue-collar,married,primary,no,792,yes,yes,cellular,19,nov,611,2,175,12,other,no
46,blue-collar,married,primary,no,2749,yes,no,cellular,17,nov,332,1,-1,0,unknown,no
33,blue-collar,married,primary,no,245,yes,yes,cellular,8,may,253,3,-1,0,unknown,no
55,management,married,primary,no,229,no,yes,unknown,9,jun,175,3,-1,0,unknown,no
43,blue-collar,married,primary,no,7727,yes,no,unknown,15,may,302,8,-1,0,unknown,no
45,entrepreneur,married,primary,no,2418,yes,no,unknown,14,may,120,1,-1,0,unknown,no
36,blue-collar,married,primary,no,49,yes,no,cellular,15,may,232,2,365,5,other,no
34,blue-collar,single,primary,no,464,yes,no,cellular,18,may,173,1,299,2,other,no
38,blue-collar,married,primary,no,0,yes,no,unknown,3,jun,179,2,-1,0,unknown,no
46,blue-collar,married,primary,no,2558,yes,no,telephone,20,nov,107,1,167,1,other,no
48,services,single,primary,no,1499,yes,no,cellular,12,may,17,7,-1,0,unknown,no
32,blue-collar,married,primary,no,329,yes,no,cellular,3,feb,321,1,-1,0,unknown,no
35,blue-collar,married,primary,no,11,yes,no,unknown,13,may,326,4,-1,0,unknown,no
49,blue-collar,married,primary,no,1019,yes,no,cellular,16,apr,285,5,-1,0,unknown,no
58,self-employed,married,primary,no,671,yes,no,unknown,17,jun,16,3,-1,0,unknown,no
60,retired,married,primary,no,71,no,no,cellular,10,jul,121,3,-1,0,unknown,no
50,blue-collar,married,primary,no,8139,yes,no,cellular,18,aug,256,6,-1,0,unknown,no
37,blue-collar,married,primary,no,689,yes,no,cellular,14,jul,367,2,-1,0,unknown,no
45,blue-collar,single,primary,yes,-183,no,yes,cellular,15,jul,395,4,-1,0,unknown,no
47,blue-collar,married,primary,no,3451,no,yes,cellular,21,nov,125,2,-1,0,unknown,no
59,blue-collar,married,primary,no,699,no,no,cellular,28,jan,98,1,154,6,failure,no
43,blue-collar,married,primary,no,1211,yes,no,unknown,6,may,208,3,-1,0,unknown,no
45,blue-collar,married,primary,no,1291,yes,no,cellular,28,aug,189,17,-1,0,unknown,no
53,blue-collar,married,primary,no,306,no,no,cellular,28,jul,388,3,181,1,success,yes
44,blue-collar,married,primary,no,-312,yes,no,unknown,20,jun,22,3,-1,0,unknown,no
47,blue-collar,married,primary,no,556,yes,no,cellular,4,feb,147,2,264,4,other,no
50,blue-collar,married,primary,no,1164,yes,no,unknown,8,may,166,2,-1,0,unknown,no
52,blue-collar,divorced,primary,no,-191,yes,no,unknown,15,may,755,1,-1,0,unknown,yes
35,blue-collar,married,primary,no,624,yes,no,unknown,7,may,163,1,-1,0,unknown,no
34,blue-collar,married,primary,no,1666,yes,no,unknown,31,mar,30,1,-1,0,unknown,no
34,admin.,single,primary,no,0,yes,yes,cellular,6,may,172,4,-1,0,unknown,no
42,blue-collar,single,primary,no,1322,yes,yes,cellular,8,jul,178,1,-1,0,unknown,no
51,blue-collar,divorced,primary,no,-28,no,yes,unknown,2,jul,220,2,-1,0,unknown,no
43,unemployed,married,primary,no,960,yes,yes,unknown,15,may,241,2,-1,0,unknown,no
57,technician,married,primary,no,0,no,no,unknown,5,jun,58,8,-1,0,unknown,no
51,technician,married,primary,no,1550,no,no,unknown,20,jun,12,5,-1,0,unknown,no
37,blue-collar,married,primary,no,704,no,no,unknown,18,jun,165,7,-1,0,unknown,no
45,blue-collar,married,primary,no,97,yes,no,unknown,7,may,923,3,-1,0,unknown,no
59,retired,married,primary,no,-47,yes,no,cellular,27,aug,84,4,-1,0,unknown,no
48,management,married,primary,no,1910,yes,no,unknown,29,may,413,2,-1,0,unknown,no
51,blue-collar,married,primary,no,872,no,no,cellular,8,aug,82,2,-1,0,unknown,no
49,housemaid,married,primary,no,889,no,no,telephone,7,jul,388,1,-1,0,unknown,yes
55,retired,married,primary,no,150,no,no,cellular,8,jul,124,1,-1,0,unknown,no
57,blue-collar,married,primary,no,282,no,yes,cellular,7,jul,261,12,-1,0,unknown,no
30,blue-collar,married,primary,no,-336,no,no,cellular,10,jul,128,6,-1,0,unknown,no
54,services,married,primary,no,8,yes,no,cellular,14,may,143,1,-1,0,unknown,no
60,entrepreneur,married,primary,no,0,no,no,telephone,23,jul,40,1,-1,0,unknown,no
37,blue-collar,married,primary,no,0,yes,no,cellular,6,may,226,1,363,3,other,no
31,blue-collar,single,primary,no,2488,yes,no,cellular,20,apr,14,1,-1,0,unknown,no
32,blue-collar,married,primary,no,103,no,no,cellular,23,jul,312,1,-1,0,unknown,no
59,retired,divorced,primary,no,7179,no,no,cellular,5,feb,150,1,-1,0,unknown,no
38,blue-collar,married,primary,no,2240,yes,no,cellular,19,nov,551,1,183,1,failure,no
33,blue-collar,married,primary,no,324,yes,no,cellular,13,may,217,2,-1,0,unknown,no
42,management,married,primary,no,-679,yes,yes,cellular,6,may,159,1,343,2,failure,no
53,blue-collar,married,primary,no,4143,no,no,cellular,15,jul,200,3,-1,0,unknown,no
26,blue-collar,single,primary,no,-887,yes,no,cellular,18,may,827,2,-1,0,unknown,yes
49,blue-collar,divorced,primary,no,15,yes,no,unknown,27,may,550,7,-1,0,unknown,no
48,housemaid,married,primary,no,7195,no,no,cellular,21,nov,609,2,-1,0,unknown,yes
53,unemployed,married,primary,no,980,yes,no,cellular,3,dec,352,1,-1,0,unknown,yes
71,retired,married,primary,no,4657,no,no,cellular,16,feb,93,5,-1,0,unknown,yes
22,student,single,primary,no,3472,no,no,cellular,20,oct,332,1,183,3,failure,yes
49,blue-collar,married,primary,no,474,yes,yes,telephone,9,feb,152,3,221,1,failure,no
57,housemaid,married,primary,no,0,no,no,unknown,9,jun,257,2,-1,0,unknown,no
50,services,married,primary,no,1260,no,no,cellular,18,nov,172,1,-1,0,unknown,no
49,retired,married,primary,no,-37,no,no,unknown,4,jul,191,2,-1,0,unknown,no
77,retired,married,primary,no,680,no,no,telephone,24,feb,513,2,89,7,failure,no
40,blue-collar,married,primary,no,98,yes,no,unknown,2,jun,193,5,-1,0,unknown,no
38,blue-collar,married,primary,no,3419,yes,no,unknown,20,jun,324,5,-1,0,unknown,no
33,blue-collar,married,primary,no,50,yes,no,cellular,7,may,246,2,-1,0,unknown,no
44,blue-collar,married,primary,no,10,yes,no,cellular,17,jul,196,1,-1,0,unknown,no
61,blue-collar,married,primary,no,625,yes,no,unknown,19,may,158,2,-1,0,unknown,no
56,blue-collar,married,primary,no,551,no,no,unknown,29,may,27,1,-1,0,unknown,no
44,management,married,primary,no,4758,yes,no,cellular,22,jul,712,6,-1,0,unknown,yes
28,blue-collar,married,primary,no,60,yes,no,cellular,6,may,161,1,337,1,failure,no
45,blue-collar,married,primary,no,137,yes,yes,unknown,16,may,187,19,-1,0,unknown,no
51,blue-collar,married,primary,no,1869,no,no,unknown,17,jun,30,3,-1,0,unknown,no
28,blue-collar,married,primary,no,702,yes,no,unknown,26,jun,318,2,-1,0,unknown,no
31,blue-collar,married,primary,no,0,yes,yes,unknown,12,may,59,4,-1,0,unknown,no
51,blue-collar,married,primary,no,42,yes,no,cellular,12,may,51,2,342,3,failure,no
38,blue-collar,single,primary,no,490,yes,yes,unknown,25,aug,17,1,-1,0,unknown,no
59,management,married,primary,no,1727,no,no,telephone,25,may,500,4,358,2,failure,yes
41,blue-collar,divorced,primary,no,664,no,yes,cellular,15,jul,955,5,-1,0,unknown,yes
73,retired,married,primary,no,154,no,no,cellular,15,oct,103,1,-1,0,unknown,no
52,unemployed,married,primary,no,255,no,yes,cellular,10,jul,374,3,-1,0,unknown,no
54,management,married,primary,no,3859,no,yes,cellular,20,nov,104,3,-1,0,unknown,no
59,technician,married,primary,no,4198,no,no,cellular,14,jan,309,1,91,10,success,yes
52,blue-collar,married,primary,no,230,yes,no,cellular,6,may,198,2,170,2,failure,no
43,blue-collar,married,primary,no,-93,yes,no,unknown,26,may,402,2,-1,0,unknown,no
39,blue-collar,married,primary,no,694,yes,no,cellular,21,nov,44,1,-1,0,unknown,no
41,housemaid,divorced,primary,no,22,yes,no,cellular,18,nov,238,3,126,4,other,no
46,blue-collar,divorced,primary,no,216,no,no,cellular,2,feb,173,1,-1,0,unknown,no
39,blue-collar,married,primary,no,1046,no,no,unknown,19,jun,112,4,-1,0,unknown,no
35,blue-collar,married,primary,no,319,yes,no,cellular,16,jul,221,1,-1,0,unknown,no
47,entrepreneur,married,primary,no,668,no,no,cellular,12,may,908,1,-1,0,unknown,no
46,blue-collar,divorced,primary,no,452,yes,no,unknown,9,may,113,4,-1,0,unknown,no
42,housemaid,married,primary,no,145,no,no,cellular,20,aug,252,2,-1,0,unknown,no
33,management,single,primary,no,4897,yes,no,unknown,20,may,151,1,-1,0,unknown,no
40,housemaid,married,primary,no,1832,no,no,cellular,6,feb,213,4,-1,0,unknown,no
51,blue-collar,married,primary,no,3726,no,yes,cellular,27,aug,119,12,-1,0,unknown,no
54,blue-collar,married,primary,no,781,yes,no,unknown,9,may,103,2,-1,0,unknown,no
38,blue-collar,married,primary,no,1327,yes,no,cellular,20,nov,277,1,-1,0,unknown,no
41,admin.,married,primary,no,-306,yes,no,unknown,15,may,500,1,-1,0,unknown,yes
31,blue-collar,single,primary,no,864,yes,no,telephone,14,may,113,2,-1,0,unknown,no
59,blue-collar,married,primary,no,0,no,no,cellular,18,nov,167,2,-1,0,unknown,no
38,unemployed,married,primary,no,-363,no,no,unknown,12,jun,340,2,-1,0,unknown,no
51,blue-collar,divorced,primary,no,602,yes,no,cellular,11,may,347,1,284,2,failure,no
43,blue-collar,married,primary,no,255,yes,no,cellular,17,jul,180,1,-1,0,unknown,no
34,self-employed,married,primary,no,712,yes,no,unknown,2,jun,326,3,-1,0,unknown,no
51,technician,married,primary,no,260,no,no,cellular,19,aug,137,2,-1,0,unknown,no
45,blue-collar,married,primary,no,907,no,no,cellular,18,aug,230,8,-1,0,unknown,no
31,blue-collar,single,primary,no,-495,yes,no,unknown,29,may,334,2,-1,0,unknown,no
46,blue-collar,married,primary,no,174,no,yes,cellular,15,jul,90,1,-1,0,unknown,no
51,blue-collar,married,primary,no,-11,no,no,telephone,16,jul,126,4,-1,0,unknown,no
43,blue-collar,married,primary,no,778,yes,yes,unknown,15,may,284,5,-1,0,unknown,no
23,entrepreneur,single,primary,no,4,yes,no,unknown,13,may,395,2,-1,0,unknown,yes
58,blue-collar,married,primary,no,0,yes,no,cellular,31,jul,5,25,-1,0,unknown,no
41,blue-collar,married,primary,no,389,yes,no,unknown,16,jun,87,6,-1,0,unknown,no
45,blue-collar,married,primary,no,2433,no,no,cellular,6,aug,133,2,-1,0,unknown,no
70,retired,married,primary,no,3782,no,no,cellular,16,mar,618,1,-1,0,unknown,no
30,blue-collar,single,primary,no,185,no,no,unknown,26,jun,11,1,-1,0,unknown,no
44,blue-collar,married,primary,no,-11,yes,no,unknown,9,may,13,1,-1,0,unknown,no
42,blue-collar,married,primary,no,704,yes,yes,telephone,31,jul,88,10,-1,0,unknown,no
44,blue-collar,single,primary,no,787,yes,no,unknown,30,may,570,2,-1,0,unknown,no
54,blue-collar,divorced,primary,no,-182,no,no,cellular,9,jul,98,1,-1,0,unknown,no
58,retired,single,primary,no,6570,no,no,cellular,21,jul,106,3,-1,0,unknown,no
35,blue-collar,married,primary,no,46,no,no,cellular,8,jul,338,3,-1,0,unknown,no
39,blue-collar,married,primary,no,385,yes,no,unknown,16,may,225,4,-1,0,unknown,no
51,blue-collar,married,primary,no,0,yes,no,cellular,10,jul,324,1,-1,0,unknown,no
48,blue-collar,married,primary,no,1678,no,no,cellular,28,jan,263,2,-1,0,unknown,no
57,blue-collar,married,primary,no,23,yes,no,telephone,31,jul,25,8,-1,0,unknown,no
43,blue-collar,single,primary,no,30,yes,no,unknown,30,may,379,17,-1,0,unknown,no
56,management,married,primary,no,772,yes,no,telephone,20,nov,291,1,-1,0,unknown,no
52,entrepreneur,married,primary,no,592,no,no,cellular,21,jul,122,2,-1,0,unknown,no
40,services,married,primary,no,33,no,no,unknown,26,may,70,3,-1,0,unknown,no
58,housemaid,married,primary,no,419,no,yes,unknown,5,jun,295,3,-1,0,unknown,no
42,blue-collar,married,primary,no,7041,yes,no,cellular,28,jul,386,4,-1,0,unknown,no
73,retired,married,primary,no,796,no,no,cellular,23,oct,427,1,182,2,failure,yes
46,blue-collar,married,primary,no,665,no,no,cellular,30,jan,89,4,235,2,failure,no
42,blue-collar,married,primary,no,2519,yes,no,unknown,15,may,262,4,-1,0,unknown,no
59,technician,married,primary,no,3163,yes,no,unknown,29,may,240,2,-1,0,unknown,no
46,housemaid,married,primary,no,0,no,no,telephone,2,feb,161,1,-1,0,unknown,no
26,blue-collar,single,primary,no,155,yes,no,cellular,29,jan,291,1,244,4,failure,no
44,unemployed,single,primary,no,4232,no,no,unknown,16,jun,227,1,-1,0,unknown,no
57,retired,married,primary,no,1623,yes,yes,cellular,18,jul,246,1,-1,0,unknown,no
53,unknown,married,primary,no,732,no,no,cellular,27,oct,759,2,-1,0,unknown,yes
55,retired,married,primary,no,-966,no,yes,cellular,14,may,104,1,-1,0,unknown,no
58,retired,married,primary,no,4007,no,no,cellular,30,nov,598,4,-1,0,unknown,no
42,blue-collar,married,primary,no,505,yes,no,unknown,14,may,521,2,-1,0,unknown,no
41,blue-collar,married,primary,no,0,yes,no,unknown,30,may,232,3,-1,0,unknown,no
67,retired,married,primary,no,2301,no,no,cellular,16,apr,124,1,-1,0,unknown,no
53,housemaid,married,primary,no,104,no,yes,unknown,5,jun,701,1,-1,0,unknown,yes
33,blue-collar,married,primary,no,191,yes,no,unknown,9,may,162,2,-1,0,unknown,no
31,housemaid,married,primary,no,25,no,no,cellular,21,aug,169,5,-1,0,unknown,no
56,entrepreneur,divorced,primary,no,29,no,no,cellular,29,jan,52,2,227,1,failure,no
26,blue-collar,married,primary,no,5116,yes,no,cellular,22,jul,246,3,-1,0,unknown,no
56,admin.,divorced,primary,no,0,no,yes,cellular,10,jul,542,1,-1,0,unknown,no
72,retired,married,primary,no,796,no,no,cellular,24,apr,173,2,-1,0,unknown,no
39,blue-collar,married,primary,no,2226,yes,no,unknown,6,may,158,1,-1,0,unknown,no
60,management,married,primary,no,4895,no,no,unknown,9,jun,313,1,-1,0,unknown,no
35,blue-collar,divorced,primary,no,-587,yes,no,unknown,26,may,111,1,-1,0,unknown,no
36,blue-collar,single,primary,no,367,no,no,cellular,2,feb,217,1,221,1,failure,no
25,blue-collar,married,primary,yes,-589,yes,no,unknown,3,jun,233,1,-1,0,unknown,no
48,management,married,primary,no,247,yes,yes,unknown,14,may,145,1,-1,0,unknown,no
32,blue-collar,married,primary,no,642,no,yes,cellular,8,jul,524,1,-1,0,unknown,no
57,management,married,primary,no,-226,yes,no,unknown,4,jun,272,1,-1,0,unknown,no
32,self-employed,married,primary,no,286,yes,no,cellular,6,aug,175,1,-1,0,unknown,no
42,blue-collar,married,primary,no,2111,yes,no,cellular,7,may,86,2,-1,0,unknown,no
48,blue-collar,married,primary,no,5366,yes,no,unknown,21,may,248,3,-1,0,unknown,no
56,unemployed,divorced,primary,no,1770,no,no,cellular,5,feb,916,3,-1,0,unknown,no
58,retired,married,primary,no,0,no,no,cellular,4,aug,506,1,-1,0,unknown,no
59,management,married,primary,no,2358,yes,no,cellular,17,apr,30,1,-1,0,unknown,no
39,housemaid,single,primary,no,109,yes,no,unknown,6,may,699,3,-1,0,unknown,no
38,blue-collar,married,primary,no,290,yes,no,cellular,16,apr,283,1,-1,0,unknown,no
46,blue-collar,married,primary,no,143,yes,no,unknown,7,may,279,1,-1,0,unknown,no
33,blue-collar,married,primary,no,3074,no,no,cellular,18,nov,679,1,-1,0,unknown,no
57,retired,married,primary,no,1238,yes,no,cellular,15,jul,274,1,-1,0,unknown,no
58,housemaid,married,primary,no,0,yes,no,telephone,9,jul,148,1,-1,0,unknown,no
48,blue-collar,married,primary,no,574,no,no,cellular,5,aug,348,1,-1,0,unknown,no
60,retired,married,primary,no,0,no,no,telephone,30,jul,130,3,-1,0,unknown,no
52,admin.,single,primary,no,0,no,no,unknown,19,may,182,11,-1,0,unknown,no
33,housemaid,married,primary,no,212,yes,no,cellular,11,jul,260,2,-1,0,unknown,no
45,blue-collar,married,primary,no,0,no,no,cellular,26,aug,454,2,-1,0,unknown,no
37,blue-collar,married,primary,no,403,yes,no,cellular,8,may,318,2,338,1,success,no
41,self-employed,married,primary,no,340,no,no,unknown,6,jun,37,3,-1,0,unknown,no
31,blue-collar,single,primary,no,-280,no,no,unknown,21,may,281,3,-1,0,unknown,no
27,blue-collar,single,primary,no,-179,yes,no,cellular,15,may,54,2,-1,0,unknown,no
45,technician,married,primary,no,-322,no,no,unknown,9,jun,225,2,-1,0,unknown,no
57,unemployed,married,primary,no,0,no,no,unknown,9,jun,540,1,-1,0,unknown,no
23,blue-collar,single,primary,no,8627,yes,no,unknown,3,jun,281,1,-1,0,unknown,no
57,blue-collar,married,primary,no,1592,no,yes,unknown,20,jun,78,4,-1,0,unknown,no
37,management,married,primary,no,22856,no,no,cellular,2,jul,154,1,388,1,failure,no
35,unknown,married,primary,no,634,no,no,cellular,7,jul,185,2,-1,0,unknown,no
57,retired,married,primary,no,75,no,no,cellular,28,aug,118,2,-1,0,unknown,no
44,blue-collar,married,primary,no,134,yes,no,cellular,7,may,378,1,-1,0,unknown,no
57,blue-collar,married,primary,no,179,no,no,unknown,9,jun,230,3,-1,0,unknown,no
59,housemaid,married,primary,no,235,no,no,cellular,13,aug,119,2,-1,0,unknown,no
48,management,married,primary,no,3230,yes,no,telephone,20,nov,207,3,-1,0,unknown,no
47,blue-collar,married,primary,no,881,yes,no,cellular,14,may,143,1,370,2,failure,no
23,blue-collar,single,primary,no,8627,yes,no,cellular,15,may,169,1,346,1,failure,no
55,blue-collar,married,primary,no,1649,yes,no,cellular,12,may,52,3,-1,0,unknown,no
59,retired,married,primary,no,46,no,no,cellular,14,aug,78,2,-1,0,unknown,no
49,admin.,married,primary,no,169,yes,no,cellular,15,may,82,3,-1,0,unknown,no
61,housemaid,married,primary,no,848,no,no,cellular,27,apr,605,1,187,1,other,no
43,blue-collar,divorced,primary,no,92,yes,no,unknown,15,may,237,2,-1,0,unknown,no
56,unemployed,divorced,primary,no,109,no,no,cellular,15,jul,924,4,-1,0,unknown,no
80,retired,married,primary,no,1548,no,no,cellular,6,aug,331,2,-1,0,unknown,no
37,blue-collar,married,primary,no,655,yes,no,cellular,5,feb,127,2,258,4,failure,no
56,retired,divorced,primary,no,694,no,no,cellular,29,jan,144,1,102,1,other,yes
52,blue-collar,divorced,primary,no,-97,yes,yes,unknown,9,may,167,4,-1,0,unknown,no
58,blue-collar,married,primary,no,73,no,no,unknown,17,jun,116,1,-1,0,unknown,no
46,retired,married,primary,no,-35,yes,no,cellular,7,may,304,3,-1,0,unknown,no
39,services,married,primary,no,1601,yes,no,unknown,23,may,201,2,-1,0,unknown,no
46,blue-collar,married,primary,no,147,yes,no,cellular,6,may,116,2,169,3,failure,no
50,housemaid,married,primary,no,0,no,no,unknown,20,jun,179,2,-1,0,unknown,no
41,blue-collar,married,primary,no,4,no,no,cellular,23,jul,74,5,-1,0,unknown,no
35,blue-collar,married,primary,no,3587,yes,no,unknown,30,may,148,4,-1,0,unknown,no
46,blue-collar,divorced,primary,no,1712,no,no,unknown,19,jun,110,1,-1,0,unknown,no
56,blue-collar,married,primary,no,828,yes,no,cellular,14,may,214,1,349,1,failure,no
57,blue-collar,married,primary,no,93,yes,no,telephone,17,apr,137,1,-1,0,unknown,no
34,blue-collar,married,primary,no,351,no,yes,cellular,14,jul,326,11,-1,0,unknown,no
43,blue-collar,married,primary,no,60,no,no,cellular,8,may,487,2,367,2,other,no
39,blue-collar,married,primary,no,2303,yes,no,unknown,17,jun,775,3,-1,0,unknown,yes
29,services,married,primary,no,-102,no,no,unknown,4,jul,134,1,-1,0,unknown,no
73,retired,married,primary,no,279,no,no,cellular,28,jan,399,3,-1,0,unknown,yes
63,retired,married,primary,no,8044,no,no,cellular,12,nov,702,1,-1,0,unknown,no
40,blue-collar,married,primary,no,1397,yes,no,telephone,12,may,58,2,334,1,failure,no
43,blue-collar,married,primary,no,232,no,yes,cellular,15,may,45,1,-1,0,unknown,no
46,blue-collar,married,primary,no,1429,yes,no,unknown,14,may,91,1,-1,0,unknown,no
56,housemaid,married,primary,no,306,no,yes,cellular,8,jul,212,1,-1,0,unknown,no
39,blue-collar,married,primary,no,800,yes,no,cellular,19,nov,76,6,-1,0,unknown,no
33,blue-collar,married,primary,no,925,no,no,cellular,20,nov,884,3,-1,0,unknown,no
53,blue-collar,married,primary,no,1868,no,no,cellular,8,aug,156,4,-1,0,unknown,no
41,unemployed,married,primary,no,819,no,no,cellular,9,feb,244,3,-1,0,unknown,no
37,services,married,primary,no,52,yes,no,unknown,7,may,359,1,-1,0,unknown,no
37,blue-collar,married,primary,no,11,no,no,telephone,30,jul,109,8,-1,0,unknown,no
66,retired,married,primary,no,747,no,no,telephone,28,jan,203,3,93,1,failure,no
44,blue-collar,married,primary,no,2657,yes,no,unknown,20,jun,202,2,-1,0,unknown,no
38,blue-collar,married,primary,no,1679,yes,no,unknown,20,jun,21,18,-1,0,unknown,no
47,technician,married,primary,no,187,yes,no,unknown,9,may,165,1,-1,0,unknown,no
57,blue-collar,married,primary,no,318,yes,no,unknown,27,may,206,2,-1,0,unknown,no
38,admin.,married,primary,no,0,yes,no,unknown,2,jun,29,32,-1,0,unknown,no
52,blue-collar,married,primary,no,2,no,no,unknown,9,jun,70,3,-1,0,unknown,no
57,blue-collar,married,primary,yes,195,no,yes,telephone,30,jul,185,4,-1,0,unknown,no
37,blue-collar,married,primary,no,3242,yes,no,unknown,21,may,233,1,-1,0,unknown,no
39,blue-collar,married,primary,no,20,yes,no,unknown,7,may,109,1,-1,0,unknown,no
61,retired,married,primary,no,1060,yes,no,unknown,13,may,118,1,-1,0,unknown,no
35,blue-collar,single,primary,no,1147,yes,yes,telephone,7,may,29,1,-1,0,unknown,no
47,housemaid,married,primary,no,0,no,no,cellular,10,aug,1225,2,-1,0,unknown,no
46,blue-collar,married,primary,no,328,yes,no,unknown,21,may,526,8,-1,0,unknown,no
42,blue-collar,married,primary,no,1156,yes,no,telephone,20,apr,37,1,-1,0,unknown,no
28,blue-collar,single,primary,no,1199,yes,no,cellular,30,jul,1011,20,-1,0,unknown,no
58,technician,married,primary,no,4015,no,no,unknown,20,jun,106,3,-1,0,unknown,no
54,blue-collar,married,primary,no,2281,yes,no,unknown,20,jun,158,1,-1,0,unknown,no
76,retired,divorced,primary,no,86,no,no,cellular,12,aug,192,1,-1,0,unknown,no
33,services,married,primary,no,6904,no,no,telephone,20,nov,114,2,-1,0,unknown,no
79,retired,married,primary,no,8556,no,no,telephone,18,jan,326,2,272,2,success,yes
33,services,married,primary,no,0,yes,no,cellular,18,jul,351,2,-1,0,unknown,no
77,retired,married,primary,no,680,no,no,telephone,27,nov,341,4,94,3,failure,no
60,housemaid,married,primary,no,0,no,yes,telephone,22,jul,124,1,-1,0,unknown,no
30,blue-collar,married,primary,no,-518,yes,yes,unknown,28,may,244,6,-1,0,unknown,no
41,blue-collar,married,primary,no,-204,yes,yes,unknown,6,jun,42,1,-1,0,unknown,no
72,retired,married,primary,no,763,no,no,cellular,24,apr,384,2,-1,0,unknown,yes
41,management,married,primary,no,5310,yes,no,cellular,17,nov,984,1,-1,0,unknown,yes
43,blue-collar,married,primary,no,2519,yes,no,cellular,16,apr,257,2,146,9,other,no
32,entrepreneur,married,primary,no,795,no,no,cellular,8,aug,131,3,-1,0,unknown,no
50,blue-collar,divorced,primary,no,1545,yes,no,cellular,20,nov,25,1,-1,0,unknown,no
58,housemaid,married,primary,no,435,yes,no,telephone,28,jul,122,6,-1,0,unknown,no
55,blue-collar,married,primary,no,284,no,yes,telephone,14,jul,252,4,-1,0,unknown,no
45,admin.,married,primary,no,542,no,no,cellular,11,may,8,5,350,3,other,no
32,blue-collar,married,primary,no,66,no,no,cellular,19,nov,244,1,-1,0,unknown,no
59,entrepreneur,married,primary,no,0,no,no,telephone,19,nov,207,2,153,1,failure,no
45,blue-collar,married,primary,no,2128,yes,no,unknown,19,may,149,4,-1,0,unknown,no
30,blue-collar,single,primary,no,71,yes,no,unknown,19,may,122,6,-1,0,unknown,no
49,retired,married,primary,no,1672,no,no,cellular,17,jul,128,3,-1,0,unknown,no
59,management,divorced,primary,no,133,yes,no,cellular,9,jul,206,1,-1,0,unknown,no
87,retired,married,primary,no,230,no,no,cellular,30,oct,144,1,-1,0,unknown,yes
36,services,married,primary,no,179,no,no,unknown,9,jun,411,1,-1,0,unknown,no
35,blue-collar,divorced,primary,no,1792,yes,no,cellular,31,jul,630,6,-1,0,unknown,yes
60,blue-collar,married,primary,no,1472,no,no,unknown,20,jun,36,4,-1,0,unknown,no
36,management,married,primary,no,3953,yes,no,cellular,19,nov,277,1,-1,0,unknown,no
46,unemployed,divorced,primary,no,23,no,no,cellular,21,nov,344,1,-1,0,unknown,no
58,blue-collar,married,primary,no,23,yes,no,unknown,20,may,91,6,-1,0,unknown,no
49,entrepreneur,married,primary,no,199,no,no,unknown,13,may,113,2,-1,0,unknown,no
30,blue-collar,single,primary,no,395,no,no,cellular,21,nov,429,1,-1,0,unknown,no
49,blue-collar,married,primary,no,937,yes,no,unknown,12,jun,66,1,-1,0,unknown,no
53,blue-collar,married,primary,no,25,yes,no,unknown,6,may,266,3,-1,0,unknown,no
79,retired,married,primary,no,429,no,no,telephone,8,jul,1006,2,-1,0,unknown,yes
53,technician,married,primary,no,6839,yes,no,cellular,19,nov,77,1,-1,0,unknown,no
52,unknown,married,primary,no,247,no,no,cellular,29,jul,268,6,-1,0,unknown,no
42,entrepreneur,married,primary,yes,66,yes,yes,cellular,6,feb,139,1,-1,0,unknown,no
48,blue-collar,single,primary,no,316,no,no,unknown,5,jun,560,2,-1,0,unknown,no
65,housemaid,married,primary,no,2179,yes,no,cellular,4,sep,112,7,-1,0,unknown,no
52,blue-collar,married,primary,no,36,no,no,cellular,13,aug,109,2,-1,0,unknown,no
40,self-employed,married,primary,no,2077,yes,no,cellular,13,may,363,1,173,24,other,no
41,blue-collar,married,primary,no,7735,yes,no,cellular,20,nov,220,1,190,1,failure,no
48,unemployed,married,primary,no,5462,no,no,unknown,6,jun,29,4,-1,0,unknown,no
41,blue-collar,married,primary,no,389,yes,no,unknown,16,jun,127,2,-1,0,unknown,no
50,management,single,primary,no,766,no,no,unknown,17,jun,174,2,-1,0,unknown,no
30,services,single,primary,no,79,yes,no,cellular,15,may,317,1,-1,0,unknown,no
48,blue-collar,married,primary,no,750,yes,no,cellular,18,may,90,6,-1,0,unknown,no
46,blue-collar,married,primary,no,1291,yes,no,cellular,14,may,142,3,259,17,failure,no
58,management,married,primary,no,320,yes,no,unknown,30,may,171,2,-1,0,unknown,no
58,retired,married,primary,no,1987,no,no,telephone,14,jul,185,4,-1,0,unknown,no
50,blue-collar,married,primary,no,-1,no,no,cellular,19,aug,195,2,-1,0,unknown,no
76,retired,married,primary,no,2590,no,no,telephone,9,feb,68,12,-1,0,unknown,no
49,housemaid,divorced,primary,no,198,yes,no,unknown,13,may,205,3,-1,0,unknown,no
48,blue-collar,married,primary,no,199,no,no,telephone,18,aug,29,2,-1,0,unknown,no
58,retired,married,primary,no,565,no,no,telephone,7,jul,876,1,-1,0,unknown,yes
52,unemployed,married,primary,no,-110,no,yes,cellular,29,jan,141,1,-1,0,unknown,no
47,blue-collar,married,primary,no,292,no,yes,telephone,28,jul,210,3,-1,0,unknown,no
42,housemaid,single,primary,no,5774,yes,no,unknown,15,may,54,2,-1,0,unknown,no
56,blue-collar,married,primary,no,151,no,no,cellular,3,feb,128,1,-1,0,unknown,no
43,blue-collar,divorced,primary,no,328,no,yes,cellular,8,jul,192,1,-1,0,unknown,no
51,self-employed,married,primary,no,307,yes,yes,unknown,17,jun,65,2,-1,0,unknown,no
42,blue-collar,single,primary,no,1628,yes,no,cellular,5,feb,119,1,195,8,success,no
45,housemaid,married,primary,no,4994,no,no,unknown,20,jun,48,1,-1,0,unknown,no
59,blue-collar,married,primary,no,2814,no,no,unknown,20,jun,81,3,-1,0,unknown,no
47,technician,married,primary,no,145,yes,no,unknown,7,may,157,6,-1,0,unknown,no
33,blue-collar,married,primary,no,1209,yes,no,cellular,16,apr,700,1,-1,0,unknown,no
34,blue-collar,married,primary,no,428,yes,no,cellular,18,may,59,2,-1,0,unknown,no
39,blue-collar,single,primary,no,6,yes,no,cellular,19,nov,286,2,-1,0,unknown,no
33,blue-collar,single,primary,no,92,yes,no,unknown,9,may,127,1,-1,0,unknown,no
80,housemaid,married,primary,no,0,no,no,cellular,23,feb,639,1,189,1,failure,yes
36,blue-collar,divorced,primary,no,117,yes,no,unknown,2,jun,123,4,-1,0,unknown,no
57,admin.,divorced,primary,no,179,yes,no,cellular,15,may,67,1,368,2,failure,no
37,blue-collar,married,primary,no,543,yes,no,unknown,21,may,281,1,-1,0,unknown,no
60,retired,married,primary,no,71188,no,no,cellular,6,oct,205,1,-1,0,unknown,no
42,blue-collar,married,primary,no,-97,yes,no,cellular,3,feb,216,4,271,5,failure,no
31,admin.,married,primary,no,355,yes,yes,unknown,4,jun,61,6,-1,0,unknown,no
49,blue-collar,married,primary,no,1032,yes,no,unknown,2,jun,41,5,-1,0,unknown,no
49,unemployed,married,primary,no,-384,yes,no,unknown,27,may,25,1,-1,0,unknown,no
42,entrepreneur,married,primary,no,149,no,no,cellular,20,aug,94,2,-1,0,unknown,no
35,blue-collar,married,primary,no,422,yes,no,cellular,14,may,73,1,-1,0,unknown,no
36,blue-collar,divorced,primary,no,-308,yes,no,cellular,12,may,725,1,-1,0,unknown,yes
51,housemaid,married,primary,no,30,yes,no,cellular,14,jul,333,2,-1,0,unknown,no
58,services,married,primary,no,65,no,no,unknown,27,jun,162,1,-1,0,unknown,no
51,housemaid,married,primary,no,492,yes,no,unknown,20,may,142,3,-1,0,unknown,no
58,management,married,primary,no,2769,yes,no,cellular,11,jul,94,2,-1,0,unknown,no
49,blue-collar,single,primary,no,3018,yes,no,unknown,15,may,93,1,-1,0,unknown,no
42,blue-collar,single,primary,no,92,no,no,cellular,30,jul,86,2,-1,0,unknown,no
49,housemaid,married,primary,no,249,yes,no,cellular,21,nov,450,1,-1,0,unknown,no
66,retired,married,primary,no,206,no,no,cellular,9,feb,479,1,-1,0,unknown,yes
46,admin.,married,primary,no,276,yes,yes,unknown,6,may,157,2,-1,0,unknown,no
40,blue-collar,married,primary,no,3658,yes,no,unknown,14,may,977,1,-1,0,unknown,no
26,blue-collar,single,primary,no,3342,yes,no,unknown,4,jun,329,4,-1,0,unknown,no
44,blue-collar,married,primary,no,420,yes,no,unknown,7,may,110,2,-1,0,unknown,no
50,unknown,married,primary,no,341,yes,yes,cellular,20,apr,670,4,340,2,success,yes
51,blue-collar,married,primary,no,377,yes,no,telephone,3,feb,143,4,272,1,failure,no
42,housemaid,married,primary,no,83,no,yes,cellular,7,aug,184,1,-1,0,unknown,no
54,blue-collar,married,primary,no,4503,no,no,telephone,21,nov,168,3,-1,0,unknown,no
49,blue-collar,single,primary,no,1040,no,no,cellular,8,jul,474,2,-1,0,unknown,no
31,services,divorced,primary,no,459,yes,no,cellular,7,may,623,1,293,1,success,yes
36,blue-collar,married,primary,no,1177,no,no,cellular,15,apr,330,1,311,4,success,yes
53,management,married,primary,no,2096,no,no,unknown,9,jun,104,1,-1,0,unknown,no
59,blue-collar,married,primary,no,748,no,no,unknown,29,may,184,1,-1,0,unknown,no
56,blue-collar,married,primary,no,420,yes,no,unknown,9,may,76,1,-1,0,unknown,no
51,blue-collar,married,primary,no,844,yes,no,unknown,29,may,184,3,-1,0,unknown,no
48,management,married,primary,no,2537,no,no,cellular,26,aug,219,6,-1,0,unknown,no
57,retired,married,primary,no,-464,yes,no,cellular,4,feb,75,1,190,6,failure,no
56,retired,married,primary,no,-1,no,no,cellular,27,aug,89,23,-1,0,unknown,no
53,housemaid,married,primary,no,2581,no,no,cellular,15,apr,99,1,-1,0,unknown,no
58,blue-collar,married,primary,no,0,yes,no,unknown,29,may,535,2,-1,0,unknown,no
49,management,married,primary,no,3371,no,no,cellular,11,nov,269,2,-1,0,unknown,yes
38,housemaid,married,primary,no,21,no,no,cellular,26,aug,634,2,-1,0,unknown,no
44,blue-collar,married,primary,no,887,yes,no,cellular,12,may,165,2,363,1,failure,no
54,retired,divorced,primary,no,22,no,no,unknown,20,jun,23,4,-1,0,unknown,no
52,blue-collar,married,primary,no,1331,yes,no,cellular,29,jul,213,2,-1,0,unknown,no
58,retired,married,primary,no,5092,no,no,unknown,11,jun,199,6,-1,0,unknown,no
40,self-employed,married,primary,no,92,yes,no,unknown,13,may,92,1,-1,0,unknown,no
52,blue-collar,divorced,primary,no,1758,yes,no,unknown,15,may,41,1,-1,0,unknown,no
54,retired,married,primary,no,208,no,no,unknown,12,may,255,1,-1,0,unknown,no
43,blue-collar,married,primary,no,188,yes,no,cellular,12,may,58,3,347,5,failure,no
55,blue-collar,married,primary,no,1086,yes,no,cellular,6,may,146,1,272,2,failure,no
53,entrepreneur,married,primary,no,27,yes,no,telephone,10,sep,230,3,-1,0,unknown,yes
69,retired,married,primary,no,279,no,no,telephone,12,aug,26,1,-1,0,unknown,no
52,unemployed,married,primary,no,20,yes,no,telephone,28,jan,172,1,-1,0,unknown,no
45,blue-collar,married,primary,no,0,no,no,unknown,23,may,574,5,-1,0,unknown,no
53,management,married,primary,no,4086,no,no,unknown,20,jun,14,3,-1,0,unknown,no
53,blue-collar,married,primary,no,53,yes,no,cellular,7,apr,208,1,140,1,failure,no
40,blue-collar,married,primary,no,2805,yes,no,cellular,14,may,173,6,353,23,failure,no
45,unemployed,married,primary,no,180,yes,yes,unknown,27,may,62,2,-1,0,unknown,no
42,blue-collar,married,primary,no,260,yes,no,telephone,31,jul,175,2,-1,0,unknown,no
48,blue-collar,married,primary,no,559,yes,no,unknown,15,may,1231,2,-1,0,unknown,no
50,blue-collar,married,primary,no,2142,yes,no,cellular,29,jan,309,2,224,1,other,no
84,retired,divorced,primary,no,639,no,no,telephone,18,may,353,3,-1,0,unknown,yes
40,blue-collar,married,primary,no,177,yes,yes,telephone,21,jul,742,4,-1,0,unknown,no
46,admin.,married,primary,no,96,no,no,telephone,4,feb,151,2,-1,0,unknown,no
47,blue-collar,divorced,primary,no,126,yes,no,unknown,3,jun,2456,2,-1,0,unknown,yes
56,unemployed,divorced,primary,no,802,no,no,telephone,3,feb,258,2,-1,0,unknown,no
54,self-employed,divorced,primary,no,4382,yes,no,telephone,18,may,193,4,-1,0,unknown,no
52,blue-collar,married,primary,no,1141,yes,no,cellular,12,may,22,5,-1,0,unknown,no
43,blue-collar,married,primary,no,483,yes,no,cellular,12,may,225,3,-1,0,unknown,no
38,blue-collar,married,primary,no,506,yes,yes,unknown,12,jun,122,1,-1,0,unknown,no
46,blue-collar,married,primary,no,0,yes,no,unknown,12,may,51,9,-1,0,unknown,no
42,blue-collar,married,primary,no,969,yes,no,cellular,13,may,721,1,-1,0,unknown,no
32,blue-collar,married,primary,no,415,yes,no,unknown,2,jun,777,4,-1,0,unknown,yes
43,blue-collar,married,primary,no,487,yes,no,unknown,7,may,548,2,-1,0,unknown,no
49,management,single,primary,no,548,no,no,telephone,31,jul,115,6,-1,0,unknown,no
49,blue-collar,married,primary,no,902,no,no,unknown,9,jun,210,2,-1,0,unknown,no
45,blue-collar,divorced,primary,no,0,yes,no,cellular,21,jul,211,2,-1,0,unknown,no
58,blue-collar,divorced,primary,no,8218,yes,no,cellular,31,jul,124,10,-1,0,unknown,no
36,blue-collar,married,primary,no,398,yes,no,unknown,12,jun,278,1,-1,0,unknown,no
49,entrepreneur,married,primary,no,563,no,no,unknown,19,jun,84,1,-1,0,unknown,no
34,housemaid,married,primary,no,2929,no,no,cellular,14,aug,518,2,-1,0,unknown,yes
50,services,single,primary,no,148,yes,no,unknown,7,may,198,2,-1,0,unknown,no
45,blue-collar,married,primary,no,185,yes,no,cellular,29,jan,249,3,-1,0,unknown,no
47,blue-collar,divorced,primary,no,1279,yes,no,cellular,6,feb,479,2,-1,0,unknown,no
35,blue-collar,married,primary,no,378,yes,no,unknown,16,may,427,3,-1,0,unknown,no
59,retired,married,primary,no,0,no,no,cellular,5,jun,493,2,-1,0,unknown,yes
49,blue-collar,married,primary,no,371,yes,no,cellular,31,jul,18,44,-1,0,unknown,no
33,blue-collar,single,primary,no,1,yes,no,cellular,20,apr,257,1,-1,0,unknown,no
55,entrepreneur,married,primary,no,298,yes,no,unknown,8,may,144,3,-1,0,unknown,no
83,retired,divorced,primary,no,0,no,no,telephone,31,may,664,1,77,3,success,no
55,services,divorced,primary,no,653,no,no,unknown,6,jun,800,1,-1,0,unknown,no
41,blue-collar,married,primary,no,293,yes,yes,cellular,7,may,102,1,-1,0,unknown,no
53,blue-collar,married,primary,no,225,no,no,cellular,18,jul,171,7,-1,0,unknown,no
51,blue-collar,married,primary,no,40,yes,no,cellular,13,may,79,1,370,1,failure,no
47,blue-collar,married,primary,no,2642,no,no,cellular,13,aug,310,2,-1,0,unknown,no
57,blue-collar,married,primary,no,5431,yes,yes,unknown,6,may,383,1,-1,0,unknown,no
45,services,divorced,primary,no,3854,yes,no,unknown,20,jun,10,3,-1,0,unknown,no
42,blue-collar,married,primary,no,-10,yes,no,unknown,9,may,291,4,-1,0,unknown,no
59,housemaid,divorced,primary,no,195,no,no,unknown,5,may,366,2,-1,0,unknown,no
41,blue-collar,married,primary,no,1172,yes,no,unknown,15,may,153,1,-1,0,unknown,no
83,retired,divorced,primary,no,1097,no,no,telephone,5,mar,181,1,-1,0,unknown,yes
41,retired,single,primary,no,0,no,no,cellular,8,may,239,1,368,2,failure,no
41,entrepreneur,married,primary,no,39,yes,no,cellular,21,nov,549,2,-1,0,unknown,yes
39,housemaid,married,primary,no,267,no,no,unknown,9,jun,1151,5,-1,0,unknown,no
49,technician,married,primary,no,230,yes,no,unknown,8,may,96,1,-1,0,unknown,no
65,retired,married,primary,no,493,no,no,cellular,16,oct,622,1,182,1,failure,no
52,blue-collar,married,primary,no,-133,no,no,unknown,5,jun,96,2,-1,0,unknown,no
37,services,divorced,primary,no,260,yes,no,cellular,17,apr,446,2,-1,0,unknown,no
45,unknown,married,primary,no,44,no,no,unknown,11,jun,81,1,-1,0,unknown,no
37,blue-collar,married,primary,no,190,yes,yes,unknown,8,may,194,1,-1,0,unknown,no
45,blue-collar,married,primary,no,13117,no,no,unknown,11,jun,42,2,-1,0,unknown,no
39,blue-collar,married,primary,no,1506,yes,no,cellular,11,may,299,2,-1,0,unknown,no
46,blue-collar,married,primary,no,258,yes,no,unknown,27,may,217,1,-1,0,unknown,no
49,blue-collar,single,primary,no,2146,yes,no,cellular,7,may,1516,2,353,2,other,yes
53,blue-collar,married,primary,no,3316,yes,no,unknown,23,may,331,6,-1,0,unknown,no
37,management,married,primary,no,3953,yes,no,cellular,6,apr,610,2,138,1,failure,no
37,blue-collar,single,primary,no,6969,yes,no,unknown,20,may,412,1,-1,0,unknown,no
42,housemaid,married,primary,no,1,yes,no,telephone,28,jul,59,5,-1,0,unknown,no
29,blue-collar,married,primary,no,200,yes,no,unknown,30,may,322,2,-1,0,unknown,no
44,blue-collar,married,primary,no,-237,yes,no,telephone,10,jul,73,1,-1,0,unknown,no
23,blue-collar,married,primary,no,1158,yes,no,cellular,16,apr,743,1,-1,0,unknown,no
53,blue-collar,married,primary,no,238,yes,no,cellular,11,may,238,2,361,5,failure,no
37,blue-collar,married,primary,no,378,yes,no,unknown,9,may,514,1,-1,0,unknown,no
45,blue-collar,divorced,primary,no,942,no,no,cellular,21,nov,362,1,-1,0,unknown,no
60,self-employed,married,primary,no,362,no,yes,cellular,29,jul,816,6,-1,0,unknown,yes
